id,first_name,last_name,email,gender,ip_address
1,Cybill,Drayson,cdrayson0@vistaprint.com,Female,25.51.172.18
2,Mahalia,Rowell,mrowell1@time.com,Female,108.97.24.192
3,Abbe,Eberle,aeberle2@auda.org.au,Female,28.41.32.167
4,Lorilyn,Hazeldene,lhazeldene3@amazon.com,Female,84.145.79.231
5,Daveen,Petru,dpetru4@home.pl,Female,73.116.84.203
6,Daphna,Hexam,dhexam5@multiply.com,Female,129.57.11.115
7,Cully,Bond,cbond6@digg.com,Male,161.226.118.99
8,Skelly,Alf,salf7@ameblo.jp,Male,100.221.169.60
9,Dollie,Soles,dsoles8@sbwire.com,,89.5.254.91
10,Emogene,Paler,epaler9@hatena.ne.jp,Female,40.131.216.212
11,Carola,Arangy,carangya@sciencedirect.com,Female,246.130.251.117
12,Adelheid,Tavner,atavnerb@over-blog.com,Female,136.13.154.48
13,Roselia,Shuxsmith,rshuxsmithc@hp.com,Female,36.142.228.174
14,Doug,Pedri,,Male,155.139.102.214
15,Olav,Braham,obrahame@ed.gov,Male,187.150.138.86
16,Karl,Puttnam,kputtnamf@globo.com,,153.93.214.18
17,Scarlet,,sspyvyeg@squarespace.com,Female,32.43.76.178
18,Lucie,MacCague,lmaccagueh@nature.com,Female,91.18.106.188
19,Hendrick,Swayte,hswaytei@usa.gov,Male,239.70.160.32
20,Jodee,Bampfield,jbampfieldj@symantec.com,,233.3.75.115
21,Dennis,Hazelton,dhazeltonk@icq.com,Male,247.254.111.66
22,Fransisco,Tilne,ftilnel@un.org,Male,101.159.230.232
23,Matty,Clutton,mcluttonm@statcounter.com,Female,65.7.253.226
24,Bond,,bsoarn@imgur.com,Male,207.194.117.199
25,Douglass,Temperley,dtemperleyo@mail.ru,Male,61.249.47.91
26,Kamillah,Kleinhausen,kkleinhausenp@com.com,Female,106.182.137.89
27,Tuckie,McGenn,tmcgennq@arizona.edu,Male,109.211.173.119
28,Genia,Gelling,,Female,
29,Flemming,Errington,ferringtons@microsoft.com,Male,32.81.209.191
30,Aleta,Etter,,Female,63.164.111.4
31,Howard,O'Growgane,hogrowganeu@blogtalkradio.com,Male,
32,Terrence,Frankcomb,tfrankcombv@ow.ly,Male,174.33.216.116
33,Prent,Charrington,pcharringtonw@facebook.com,Male,172.119.173.254
34,Averell,Guerreru,aguerrerux@discuz.net,Male,104.132.85.113
35,Cletis,Ortiga,cortigay@google.es,Male,
36,Dame,Aylott,daylottz@wunderground.com,Male,214.33.22.12
37,Merell,Sailor,msailor10@dailymotion.com,Male,71.159.89.218
38,Bearnard,Brody,bbrody11@fema.gov,Male,233.196.165.177
39,Gertrud,Arton,garton12@geocities.jp,Female,114.112.156.164
40,Derrek,Crozier,dcrozier13@elpais.com,Male,114.74.134.241
41,Joseito,Acaster,jacaster14@columbia.edu,Male,53.132.51.33
42,Kelly,Sissland,ksissland15@smugmug.com,,
43,Keane,Ferminger,kferminger16@sitemeter.com,Male,195.50.114.235
44,Sheri,Fonquernie,sfonquernie17@123-reg.co.uk,Female,133.202.100.63
45,Jemie,Parades,jparades18@nymag.com,Female,19.77.178.234
46,Romy,Duff,rduff19@istockphoto.com,Female,90.183.144.177
47,Tull,Iohananof,tiohananof1a@marriott.com,Male,105.97.9.4
48,Wilt,Arber,warber1b@yellowpages.com,Male,238.64.227.47
49,Madge,,mtitterington1c@purevolume.com,,141.180.47.154
50,Derron,Yendall,dyendall1d@amazon.co.uk,Male,229.104.65.68
51,Anne-marie,Rickis,arickis1e@ibm.com,Female,159.67.57.159
52,Fletch,Healing,fhealing1f@behance.net,Male,119.44.43.181
53,Emory,Bough,ebough1g@telegraph.co.uk,Male,184.33.140.145
54,Sharleen,Girardin,sgirardin1h@nbcnews.com,Female,199.127.59.220
55,Daveta,Walles,dwalles1i@amazon.co.uk,Female,48.8.134.195
56,Modesty,Baldack,,Female,169.217.207.99
57,Francklin,Hause,fhause1k@weebly.com,Male,137.38.79.93
58,Pegeen,Towey,ptowey1l@icio.us,,121.220.235.250
59,Sherwynd,Kubasek,skubasek1m@reverbnation.com,Male,237.65.68.7
60,Dov,Janikowski,djanikowski1n@prweb.com,Male,108.120.158.30
61,Malva,Meneer,mmeneer1o@w3.org,Female,99.140.39.254
62,Leonardo,Simionato,lsimionato1p@studiopress.com,Male,39.89.211.79
63,Nickola,Hoyland,nhoyland1q@example.com,Male,3.63.254.228
64,,Vondruska,gvondruska1r@weather.com,Female,68.228.36.138
65,Adela,,aleahair1s@boston.com,Female,148.110.121.174
66,Mateo,Oger,moger1t@bluehost.com,Male,209.164.115.141
67,Gerladina,Hallows,ghallows1u@examiner.com,Female,89.48.255.92
68,Manya,Belden,mbelden1v@hatena.ne.jp,Female,124.228.34.99
69,,Yeld,dyeld1w@themeforest.net,Female,143.171.204.245
70,Clarie,Martusov,cmartusov1x@multiply.com,,46.134.62.60
71,Daven,Nollet,dnollet1y@list-manage.com,Male,214.254.63.187
72,Chad,Cavendish,ccavendish1z@acquirethisname.com,Female,240.113.130.200
73,Renaud,Wetherell,rwetherell20@mac.com,Male,121.226.22.140
74,Cherlyn,Maestro,cmaestro21@sohu.com,Female,61.46.51.131
75,Nial,Blincowe,nblincowe22@pen.io,Male,169.95.103.50
76,Rolfe,Feast,rfeast23@independent.co.uk,Male,50.171.241.53
77,Mame,Sinclar,msinclar24@ow.ly,Female,81.123.229.114
78,Elane,Rentelll,erentelll25@mlb.com,Female,122.81.78.96
79,Malvin,Geipel,mgeipel26@ifeng.com,,170.122.63.175
80,Lusa,Chittie,lchittie27@free.fr,Female,29.194.133.252
81,Horatio,Moneypenny,hmoneypenny28@free.fr,Male,97.112.124.193
82,Elsworth,Macia,emacia29@zdnet.com,Male,202.247.90.90
83,Gisele,Nacey,gnacey2a@cdbaby.com,Female,72.228.175.225
84,Ynez,O'Cleary,yocleary2b@vistaprint.com,Female,163.45.237.244
85,Carri,Makepeace,cmakepeace2c@ycombinator.com,Female,63.244.122.0
86,Mauricio,Klima,mklima2d@acquirethisname.com,Male,97.166.18.66
87,Charley,Reynold,creynold2e@netscape.com,Male,228.39.158.84
88,,Gricewood,fgricewood2f@instagram.com,Female,
89,Shandie,Bilbery,sbilbery2g@tinyurl.com,Female,242.43.221.136
90,Miner,Terrey,mterrey2h@va.gov,,113.107.175.8
91,Bernie,Boulds,bboulds2i@networkadvertising.org,Male,225.59.136.194
92,Rhodia,Elsom,relsom2j@usatoday.com,Female,185.125.53.255
93,Desiri,Broadbere,dbroadbere2k@census.gov,Female,83.100.156.140
94,Everard,Patriche,epatriche2l@latimes.com,Male,127.14.110.133
95,Giulia,Tomczykowski,gtomczykowski2m@ezinearticles.com,Female,54.111.209.59
96,Josephine,Dummer,jdummer2n@ebay.co.uk,Female,195.87.125.8
97,Cynthy,Covington,ccovington2o@123-reg.co.uk,Female,193.85.122.118
98,Danica,Fawdery,dfawdery2p@smh.com.au,Female,106.211.114.56
99,Mylo,Sucre,msucre2q@hatena.ne.jp,Male,202.68.183.152
100,Hildagarde,Rogliero,hrogliero2r@ftc.gov,Female,214.156.124.28
101,Ilse,Granham,,Female,85.65.96.20
102,Rafaelita,Harbach,rharbach2t@sohu.com,Female,128.76.34.226
103,Aurilia,Vaan,avaan2u@sciencedirect.com,Female,134.129.246.144
104,Garret,Torrent,,Male,174.41.194.46
105,Seka,Apple,sapple2w@163.com,Female,214.167.134.66
106,Mitchell,,mmoorerud2x@jalbum.net,Male,138.183.35.94
107,Adriaens,Standfield,astandfield2y@t-online.de,Female,18.251.218.73
108,Cissiee,Hentze,chentze2z@sciencedaily.com,,183.54.219.128
109,Krissy,Milksop,kmilksop30@yandex.ru,Female,54.237.62.214
110,Wyn,Corragan,wcorragan31@noaa.gov,,225.48.156.112
111,Pamella,Voyce,pvoyce32@scientificamerican.com,Female,215.183.162.71
112,Jase,Garth,jgarth33@soup.io,Male,159.188.157.12
113,Pet,Benzies,pbenzies34@dedecms.com,Female,188.108.156.248
114,Rudolf,Melendez,rmelendez35@ehow.com,Male,76.72.2.163
115,Bryn,Streeten,bstreeten36@ed.gov,Male,246.96.110.38
116,Davey,Tomasello,dtomasello37@huffingtonpost.com,Male,26.150.203.239
117,Harmonia,Cromett,hcromett38@vk.com,Female,232.247.23.110
118,Warden,Cruickshanks,wcruickshanks39@sina.com.cn,Male,16.206.137.172
119,Kristyn,de Villier,kdevillier3a@home.pl,Female,32.231.187.41
120,Clarine,Baudin,cbaudin3b@marketwatch.com,Female,188.207.133.56
121,Binny,Hadrill,bhadrill3c@ibm.com,Female,152.68.93.125
122,Shayne,Dameisele,sdameisele3d@narod.ru,Female,189.179.106.19
123,Justin,Swadlen,jswadlen3e@nsw.gov.au,Male,226.38.49.20
124,Amii,Deabill,,Female,244.77.37.87
125,Jessalyn,Chatres,jchatres3g@quantcast.com,Female,75.164.171.159
126,Tricia,,tbohler3h@t-online.de,Female,245.36.86.220
127,Bert,Boadby,,Male,222.183.30.134
128,Bonni,Tschierse,btschierse3j@china.com.cn,Female,14.127.6.245
129,Brigg,Conaboy,bconaboy3k@unblog.fr,Male,103.47.126.69
130,Kevon,Rekes,krekes3l@zdnet.com,Male,78.168.3.68
131,Darci,Blesli,dblesli3m@dmoz.org,Female,97.164.192.210
132,Mara,Dedmam,mdedmam3n@ow.ly,Female,223.211.142.229
133,Oralee,Endricci,oendricci3o@narod.ru,Female,45.54.153.244
134,Laird,Studdal,lstuddal3p@mac.com,Male,105.88.228.155
135,Valentijn,Franzettoini,vfranzettoini3q@geocities.com,Male,14.95.180.136
136,Jorry,Kettell,jkettell3r@flickr.com,Female,208.4.74.14
137,Morris,Kennally,mkennally3s@theatlantic.com,Male,4.75.25.228
138,Cristin,Jepensen,cjepensen3t@cloudflare.com,,119.183.28.10
139,Trumaine,York,tyork3u@g.co,Male,240.97.99.49
140,Robbie,Nudd,rnudd3v@posterous.com,Male,67.138.99.142
141,Aridatha,Mahony,amahony3w@pen.io,Female,95.177.165.217
142,Tommie,Swindell,tswindell3x@soup.io,,94.39.191.63
143,Avery,Waggatt,awaggatt3y@un.org,Male,36.35.77.163
144,Marlow,Sives,,Male,204.75.69.255
145,Raynell,Adger,radger40@nhs.uk,Female,213.92.41.173
146,Neila,Hugonin,nhugonin41@pagesperso-orange.fr,,22.246.70.211
147,Jackquelin,Chatenier,jchatenier42@github.com,Female,223.179.12.152
148,Artemus,Murr,amurr43@wp.com,Male,205.117.251.1
149,,Humm,shumm44@tinyurl.com,Male,115.190.190.249
150,Herve,Verzey,hverzey45@bandcamp.com,Male,235.185.248.195
151,Isac,Pantry,ipantry46@about.com,Male,119.47.125.39
152,Bernete,Hunnybun,bhunnybun47@upenn.edu,Female,234.112.252.141
153,,Corish,icorish48@google.com.br,Female,5.204.172.44
154,Conny,Oxenham,coxenham49@elpais.com,,165.216.109.5
155,Emlen,Schutze,eschutze4a@miibeian.gov.cn,Male,227.73.195.93
156,Rodolfo,Hearsum,rhearsum4b@purevolume.com,Male,30.130.165.124
157,Tristan,Blanchflower,tblanchflower4c@google.cn,Male,19.240.72.197
158,Alfie,Levinge,alevinge4d@nps.gov,Male,78.244.197.24
159,Letisha,Khidr,lkhidr4e@pcworld.com,Female,6.193.55.145
160,Dud,Olivelli,dolivelli4f@delicious.com,Male,177.31.240.245
161,Jordon,Screech,,Male,75.240.229.59
162,Allard,Bastard,abastard4h@sfgate.com,Male,110.157.117.153
163,Dewey,Kivlin,dkivlin4i@moonfruit.com,Male,27.255.199.218
164,Sheilah,Sarver,ssarver4j@reddit.com,,
165,Dorothee,Nunson,dnunson4k@baidu.com,Female,67.142.24.1
166,Xenos,Connealy,xconnealy4l@ebay.co.uk,Male,60.221.21.218
167,Erasmus,Borsnall,eborsnall4m@163.com,Male,142.32.213.175
168,Tasha,Tuhy,ttuhy4n@devhub.com,Female,243.41.137.169
169,Luisa,Petrasek,lpetrasek4o@aol.com,Female,139.119.88.168
170,Wayne,,wciraldo4p@dropbox.com,Male,21.35.19.125
171,Adda,Thorp,athorp4q@sfgate.com,Female,194.217.201.82
172,Fallon,Shawdforth,fshawdforth4r@sakura.ne.jp,Female,94.91.138.175
173,Delaney,Chicco,dchicco4s@china.com.cn,Male,247.246.193.60
174,Curtice,Gytesham,cgytesham4t@google.it,Male,155.185.112.109
175,Sascha,Cater,scater4u@goodreads.com,Male,203.159.121.9
176,Boycie,Itzik,bitzik4v@harvard.edu,Male,102.212.0.175
177,Diahann,Marciskewski,dmarciskewski4w@about.me,Female,234.192.64.162
178,Gregor,Formie,gformie4x@irs.gov,Male,207.62.8.141
179,Adelaide,Borgesio,aborgesio4y@utexas.edu,Female,152.209.21.249
180,Dene,Labusquiere,,Male,196.100.80.62
181,Meyer,MacGilfoyle,mmacgilfoyle50@com.com,Male,183.143.49.129
182,Lance,Rowlatt,lrowlatt51@cnet.com,Male,135.97.46.215
183,Delia,Belfit,dbelfit52@mtv.com,Female,116.206.25.111
184,Gifford,Kernaghan,gkernaghan53@blogs.com,Male,204.149.118.6
185,Dominga,Fouracres,dfouracres54@fema.gov,,253.124.65.70
186,Skyler,Blunsum,sblunsum55@goo.ne.jp,Male,26.194.22.189
187,Star,Corbould,scorbould56@epa.gov,,180.149.241.142
188,Zolly,Overill,zoverill57@quantcast.com,Male,159.77.6.147
189,Torie,D'Ugo,tdugo58@skyrock.com,Female,83.213.83.242
190,Tomkin,Shortt,tshortt59@discovery.com,,
191,Gustavo,Mainds,gmainds5a@imageshack.us,Male,188.140.51.139
192,Hymie,Bynold,hbynold5b@mtv.com,Male,79.156.158.156
193,,Bixley,,Male,
194,Dennet,Marshalleck,dmarshalleck5d@altervista.org,Male,143.220.126.48
195,Zebadiah,Plowes,zplowes5e@psu.edu,Male,157.252.7.125
196,See,Caudrey,scaudrey5f@woothemes.com,Male,10.80.213.24
197,Phillip,Henstone,phenstone5g@usda.gov,Male,157.234.173.122
198,Rhys,Eisikovitsh,reisikovitsh5h@posterous.com,,250.222.102.53
199,Luz,Broadberrie,lbroadberrie5i@tripod.com,Female,194.236.21.163
200,Ursala,Reggler,,Female,9.187.50.136
201,Leonelle,Vanin,lvanin5k@paypal.com,Female,237.116.121.156
202,Marijn,Browne,mbrowne5l@va.gov,Male,216.253.197.183
203,Cyrillus,,ctyrone5m@spotify.com,Male,200.141.38.211
204,Cole,Abramovicz,cabramovicz5n@vkontakte.ru,Male,
205,Jeffrey,Bence,jbence5o@yale.edu,Male,83.181.193.225
206,Micheil,Bris,mbris5p@yahoo.co.jp,Male,209.139.122.30
207,Leonid,Eyes,leyes5q@dmoz.org,Male,151.136.138.40
208,Adams,Milkeham,amilkeham5r@nydailynews.com,Male,91.0.38.81
209,Angil,Grimsley,agrimsley5s@storify.com,Female,163.142.51.153
210,Gillie,Franciotti,gfranciotti5t@netscape.com,Female,
211,Rubia,Fishbourne,rfishbourne5u@deliciousdays.com,Female,189.164.18.13
212,Patrizia,Oulett,poulett5v@live.com,Female,233.99.169.59
213,Tracey,Lamport,tlamport5w@ibm.com,Male,37.39.211.220
214,Lucky,MacDearmont,lmacdearmont5x@unblog.fr,Female,199.236.149.103
215,Cornelius,Abrahamian,cabrahamian5y@imageshack.us,Male,137.204.163.54
216,Maura,Pedrazzi,mpedrazzi5z@cbsnews.com,Female,24.122.162.246
217,Philippine,Dowd,,Female,157.44.47.252
218,Flossi,Duberry,fduberry61@constantcontact.com,Female,234.5.116.45
219,,Bare,gbare62@mapquest.com,Female,128.71.216.161
220,Lincoln,McFfaden,lmcffaden63@eepurl.com,Male,250.194.95.121
221,Kizzie,Pulteneye,kpulteneye64@ox.ac.uk,Female,14.76.233.50
222,Friedrich,Drew,fdrew65@printfriendly.com,Male,27.74.165.173
223,Bordie,Rapier,brapier66@hugedomains.com,Male,208.161.84.160
224,Katinka,Powland,kpowland67@imdb.com,Female,155.149.6.57
225,Anissa,Ivain,aivain68@businessinsider.com,Female,247.46.241.211
226,Emilio,Lomas,elomas69@netscape.com,Male,242.207.170.109
227,Weidar,Clayson,wclayson6a@aol.com,Male,174.180.153.81
228,Justin,Gurr,,Male,250.153.83.243
229,Kennan,Goburn,kgoburn6c@state.gov,,147.153.190.109
230,Giraud,Raund,graund6d@squidoo.com,Male,83.4.161.209
231,Jordon,Lagde,,Male,146.238.122.15
232,Alvin,,anestoruk6f@mail.ru,Male,106.98.151.92
233,Latia,Oles,loles6g@qq.com,Female,194.9.131.17
234,Genny,Cutajar,gcutajar6h@mapquest.com,Female,77.12.172.8
235,Damara,Gunnell,dgunnell6i@boston.com,,15.85.77.205
236,Amory,Kitchinghan,,Male,239.230.123.22
237,Ben,Mathiot,bmathiot6k@noaa.gov,Male,112.122.173.190
238,Damian,Corpes,dcorpes6l@merriam-webster.com,Male,243.250.124.8
239,Vilhelmina,Henrion,vhenrion6m@homestead.com,Female,213.126.50.60
240,Bone,Heavy,bheavy6n@sakura.ne.jp,Male,3.206.181.215
241,Ripley,Canedo,rcanedo6o@microsoft.com,Male,49.72.54.107
242,Sheba,Howton,showton6p@wufoo.com,Female,52.110.151.1
243,Freeland,Rohmer,,Male,94.170.206.210
244,Sergei,Imrie,simrie6r@acquirethisname.com,Male,9.17.61.21
245,Elly,Effnert,eeffnert6s@admin.ch,Female,101.56.208.111
246,Bekki,Bennetts,bbennetts6t@geocities.jp,Female,199.14.233.162
247,Sioux,Scurrey,sscurrey6u@photobucket.com,Female,71.164.153.77
248,Annalee,Breydin,abreydin6v@hatena.ne.jp,Female,48.115.90.122
249,Daniel,Lindley,dlindley6w@seesaa.net,Male,100.167.232.251
250,Glenn,Ibbeson,gibbeson6x@google.com.hk,Female,56.142.200.57
251,Nealon,Cristoforo,ncristoforo6y@senate.gov,Male,74.14.193.179
252,Burke,Joyson,bjoyson6z@surveymonkey.com,Male,88.222.78.94
253,Violetta,Madison,vmadison70@typepad.com,Female,11.93.118.116
254,Ashton,Nials,anials71@shutterfly.com,Male,188.124.76.178
255,Donni,Hawke,dhawke72@mlb.com,Female,151.61.12.146
256,,Keattch,lkeattch73@epa.gov,Male,236.88.7.123
257,Shandy,Mouncey,smouncey74@meetup.com,Female,52.111.109.154
258,Obidiah,Haldene,ohaldene75@umich.edu,Male,147.57.36.188
259,Dyana,Brinkler,dbrinkler76@merriam-webster.com,Female,142.91.72.174
260,Alisha,Trownson,atrownson77@yellowpages.com,Female,252.139.201.212
261,Jules,Pallis,jpallis78@surveymonkey.com,Male,123.69.190.224
262,Ardenia,Broomer,abroomer79@comcast.net,Female,204.1.73.53
263,Drew,Stockdale,dstockdale7a@cdbaby.com,Male,39.86.201.34
264,Teresina,Wadworth,twadworth7b@unc.edu,Female,161.202.119.228
265,Haze,Schout,hschout7c@independent.co.uk,Male,188.233.71.173
266,Broddie,Tritten,btritten7d@ask.com,Male,224.67.119.48
267,Lolita,Tayler,ltayler7e@harvard.edu,Female,80.71.13.42
268,Daron,Pittet,dpittet7f@dropbox.com,Female,181.103.230.144
269,Hernando,Coughlin,hcoughlin7g@over-blog.com,Male,26.34.110.34
270,Lonna,Bruneton,lbruneton7h@reverbnation.com,Female,155.12.136.240
271,Veronique,Borman,vborman7i@so-net.ne.jp,Female,211.192.30.53
272,Deina,Dadson,ddadson7j@opera.com,Female,153.210.73.181
273,Issy,Kear,ikear7k@example.com,Female,195.162.82.17
274,Chalmers,Pearde,cpearde7l@123-reg.co.uk,Male,135.208.18.89
275,Christye,,cdyche7m@myspace.com,Female,249.244.69.43
276,Noel,Glidden,nglidden7n@shutterfly.com,Male,195.69.204.190
277,Shoshana,Bagott,sbagott7o@sbwire.com,Female,63.116.131.121
278,Thorsten,Yeabsley,tyeabsley7p@indiegogo.com,Male,118.181.242.252
279,Belinda,Smethurst,bsmethurst7q@istockphoto.com,Female,3.30.153.148
280,Guinna,Bim,gbim7r@webnode.com,Female,203.65.54.104
281,Caz,Klimkovich,cklimkovich7s@bluehost.com,Male,48.109.71.6
282,Joy,Daouze,jdaouze7t@arizona.edu,Female,217.119.119.163
283,Ruttger,Ilson,rilson7u@aol.com,Male,158.165.154.190
284,Billie,Hildred,bhildred7v@purevolume.com,Female,253.182.18.155
285,Dante,Broadway,dbroadway7w@seattletimes.com,Male,147.124.14.37
286,Saree,Diment,sdiment7x@macromedia.com,Female,155.239.238.53
287,Osgood,Sotham,osotham7y@comcast.net,Male,206.180.209.7
288,Otha,Bunclark,obunclark7z@imdb.com,Female,241.8.14.4
289,Odey,Allix,oallix80@mac.com,Male,215.21.28.41
290,Caril,Diter,cditer81@bbb.org,Female,181.94.84.202
291,Morissa,Seathwright,mseathwright82@rambler.ru,Female,178.41.96.136
292,Artus,Lince,alince83@umich.edu,Male,68.249.158.124
293,Philomena,Neal,pneal84@patch.com,Female,169.180.125.252
294,Carmela,Devonald,cdevonald85@smh.com.au,,108.33.171.230
295,Chris,Dunstone,cdunstone86@homestead.com,Male,84.66.246.15
296,Gunner,,ganscott87@360.cn,Male,246.30.16.142
297,Letta,Frotton,lfrotton88@vistaprint.com,Female,54.69.237.173
298,Christye,Sandiland,csandiland89@com.com,Female,7.101.6.108
299,Merrielle,Atterbury,matterbury8a@answers.com,Female,202.125.134.103
300,Michel,Beardsworth,mbeardsworth8b@squarespace.com,Female,60.198.126.134
301,Frank,Gillham,fgillham8c@dot.gov,Male,253.44.148.118
302,Jess,Gluyus,jgluyus8d@rediff.com,Male,246.246.140.195
303,Ivar,Benedit,ibenedit8e@acquirethisname.com,Male,167.225.173.190
304,Franky,Becaris,fbecaris8f@mozilla.org,Female,255.220.73.51
305,Hobie,Toffts,htoffts8g@myspace.com,,226.211.206.164
306,Farand,McGinn,fmcginn8h@opera.com,Female,173.2.105.123
307,Alphonso,Downing,adowning8i@1688.com,Male,120.11.86.243
308,Hube,Tixier,htixier8j@scientificamerican.com,Male,63.238.175.161
309,Dreddy,Simon,dsimon8k@newsvine.com,Female,181.252.234.210
310,Web,Punchard,wpunchard8l@bigcartel.com,Male,27.10.7.249
311,Rafaela,Zammitt,rzammitt8m@npr.org,Female,93.176.130.249
312,Pearce,MacCurlye,pmaccurlye8n@cdbaby.com,Male,143.122.124.128
313,Phip,Cream,pcream8o@unicef.org,Male,202.96.60.182
314,Xymenes,Nesey,xnesey8p@uiuc.edu,Male,76.241.170.186
315,Anissa,Hillitt,ahillitt8q@com.com,Female,243.248.81.197
316,Ted,Cantwell,tcantwell8r@youku.com,Male,7.192.86.30
317,Lira,Booth-Jarvis,lboothjarvis8s@reuters.com,Female,99.84.105.237
318,Munmro,Mc Curlye,mmccurlye8t@blogtalkradio.com,,117.22.161.158
319,Laura,Van Brug,lvanbrug8u@fastcompany.com,Female,58.2.99.116
320,Giulio,Durman,gdurman8v@bloglines.com,Male,130.143.108.22
321,Rodi,Champ,rchamp8w@jalbum.net,Female,170.194.176.218
322,Andre,Deverall,adeverall8x@ask.com,Male,189.187.238.68
323,Emmie,Spellacey,espellacey8y@dropbox.com,Female,255.35.120.54
324,Junie,Potteridge,jpotteridge8z@weebly.com,Female,149.231.108.18
325,Arda,Philipsohn,aphilipsohn90@tinypic.com,Female,159.127.243.233
326,Theda,Landeaux,tlandeaux91@ifeng.com,Female,37.179.205.126
327,Katrine,Conrart,kconrart92@patch.com,Female,71.180.48.99
328,Donaugh,Dorking,ddorking93@dot.gov,Male,74.31.247.80
329,Shawn,Wilber,swilber94@dailymail.co.uk,Female,122.18.26.168
330,Gavra,Batie,gbatie95@amazon.de,,239.11.193.67
331,Mohandas,Munnings,mmunnings96@free.fr,Male,
332,Esma,Woodfine,ewoodfine97@nhs.uk,Female,247.40.73.15
333,Moll,Klesse,mklesse98@prlog.org,Female,22.116.40.66
334,Zia,Clutterham,zclutterham99@google.ru,Female,84.44.169.56
335,Riki,Gorman,rgorman9a@noaa.gov,Female,169.103.0.52
336,Caterina,MacLeese,cmacleese9b@bing.com,Female,21.62.57.149
337,Pattin,Fawcett,pfawcett9c@php.net,Male,63.15.233.218
338,Silvia,,sadam9d@gmpg.org,Female,5.47.151.162
339,Cassandre,Ruckledge,cruckledge9e@gizmodo.com,Female,125.76.154.98
340,Edin,Gostling,egostling9f@hugedomains.com,Female,206.147.15.2
341,Orlan,Raphael,oraphael9g@google.es,Male,
342,Katheryn,Iannazzi,kiannazzi9h@webs.com,Female,183.28.30.157
343,Juana,Bibby,jbibby9i@bloomberg.com,Female,246.231.43.143
344,Nahum,Blaxeland,nblaxeland9j@boston.com,Male,44.165.8.137
345,Derril,Upstell,dupstell9k@live.com,Male,223.50.129.143
346,Gabi,Elstob,gelstob9l@google.ca,Female,67.38.170.164
347,Raina,Dimitrov,rdimitrov9m@sitemeter.com,Female,178.138.139.82
348,Maegan,Deere,mdeere9n@mac.com,Female,
349,Aeriell,Rockall,arockall9o@networksolutions.com,Female,
350,Barry,Klimshuk,bklimshuk9p@ycombinator.com,Female,85.74.240.82
351,Wainwright,Bootyman,wbootyman9q@bravesites.com,Male,33.178.7.231
352,Alfonse,Enstone,aenstone9r@smugmug.com,Male,102.160.44.72
353,Rosabelle,Novis,rnovis9s@diigo.com,Female,129.129.44.165
354,Ibrahim,Tenant,itenant9t@bizjournals.com,,254.67.218.76
355,Ddene,Boxe,,Female,39.183.227.239
356,Innis,Vinter,ivinter9v@ow.ly,Male,215.72.43.162
357,Ediva,Tomblin,etomblin9w@bbb.org,Female,194.188.91.226
358,Hayward,Werrit,hwerrit9x@ebay.co.uk,,187.218.150.166
359,Brinna,Beausang,bbeausang9y@bigcartel.com,Female,66.101.65.62
360,Tades,Blease,tblease9z@springer.com,Male,97.131.225.108
361,Genevieve,Lack,glacka0@trellian.com,,188.243.21.60
362,Prentiss,Seatter,pseattera1@barnesandnoble.com,Male,168.115.210.197
363,Rozamond,Touzey,rtouzeya2@tamu.edu,Female,246.80.241.248
364,Pansie,Hubatsch,phubatscha3@eepurl.com,Female,60.169.170.166
365,Pate,Cogar,pcogara4@infoseek.co.jp,Male,169.93.20.143
366,Penn,Lempke,plempkea5@noaa.gov,Male,116.40.14.44
367,Ellary,Allden,ealldena6@ask.com,Male,209.78.86.215
368,Hector,Glascott,hglascotta7@nba.com,Male,26.195.29.13
369,Flem,Revitt,frevitta8@angelfire.com,Male,224.16.80.164
370,Lief,Draye,ldrayea9@bloglovin.com,Male,208.138.161.14
371,Robb,Grindlay,rgrindlayaa@mac.com,Male,209.34.194.166
372,Lian,Pepys,lpepysab@imageshack.us,Female,55.41.42.252
373,Loralyn,Daybell,ldaybellac@princeton.edu,Female,143.104.24.123
374,Hayden,Riddler,hriddlerad@so-net.ne.jp,Male,191.214.41.59
375,Drew,Inch,dinchae@mit.edu,,178.179.56.127
376,Vivi,,vcastertonaf@surveymonkey.com,Female,230.249.175.191
377,Edd,Edrich,eedrichag@ed.gov,,36.72.72.159
378,Devland,Adame,dadameah@163.com,Male,118.30.248.17
379,Desmund,Craigheid,dcraigheidai@photobucket.com,Male,250.99.142.24
380,Hakeem,Quade,hquadeaj@sciencedaily.com,Male,106.105.216.21
381,Dalila,Abramzon,dabramzonak@soundcloud.com,Female,237.82.217.27
382,Lorin,Peerless,lpeerlessal@addthis.com,Male,153.101.158.148
383,Cam,McFadzean,cmcfadzeanam@virginia.edu,Female,3.20.192.65
384,Lulita,Jills,ljillsan@sakura.ne.jp,Female,240.159.97.107
385,Homer,Dunnaway,hdunnawayao@marriott.com,Male,120.57.219.67
386,Gracie,Crollman,gcrollmanap@vkontakte.ru,Female,
387,Madge,Marti,mmartiaq@tuttocitta.it,Female,71.160.142.22
388,Barry,McNeillie,bmcneilliear@whitehouse.gov,Male,49.218.46.185
389,Brandtr,Revington,brevingtonas@blinklist.com,Male,162.25.241.131
390,Carlynne,Flaxman,cflaxmanat@mediafire.com,Female,97.86.137.176
391,Bronson,Gianninotti,bgianninottiau@bigcartel.com,Male,239.145.176.118
392,Karney,Sidworth,ksidworthav@e-recht24.de,Male,152.157.74.92
393,,Barney,bbarneyaw@desdev.cn,Female,29.13.110.71
394,Alard,Gentry,agentryax@barnesandnoble.com,Male,
395,Constance,Broomer,cbroomeray@marketwatch.com,Female,48.248.45.189
396,Godfry,Lidington,glidingtonaz@nature.com,Male,161.41.242.160
397,Anthe,Joules,,Female,188.245.133.32
398,Lindsy,Parfrey,,Female,
399,Wilmette,Bruff,wbruffb2@blinklist.com,,241.110.153.8
400,Boone,McAllister,bmcallisterb3@google.nl,Male,24.2.166.69
401,Coral,Broggio,cbroggiob4@dedecms.com,Female,200.174.133.241
402,Korry,Oxer,koxerb5@pagesperso-orange.fr,Female,100.214.32.162
403,Antin,Hallahan,ahallahanb6@constantcontact.com,Male,156.167.69.15
404,Brade,Rains,brainsb7@cnet.com,,132.231.65.21
405,Annmarie,Skeene,askeeneb8@t-online.de,Female,118.108.254.60
406,Verla,Stiger,vstigerb9@themeforest.net,Female,183.90.8.225
407,Garret,Mardle,gmardleba@canalblog.com,,251.54.238.61
408,Bethany,Elam,belambb@flickr.com,Female,246.184.82.105
409,Katheryn,Poyntz,kpoyntzbc@bloomberg.com,Female,100.137.254.53
410,Aidan,Marden,amardenbd@blinklist.com,Female,125.69.191.241
411,Dillie,Drohun,ddrohunbe@typepad.com,Male,63.63.106.102
412,El,Connar,econnarbf@illinois.edu,Male,151.143.84.17
413,Fifine,Lockhart,flockhartbg@edublogs.org,Female,
414,Welby,Priestnall,wpriestnallbh@cnn.com,Male,156.21.26.137
415,Genna,Eyer,geyerbi@vinaora.com,Female,244.230.169.243
416,Uriel,De Beauchemp,udebeauchempbj@quantcast.com,Male,186.201.242.8
417,Camilla,Bottlestone,cbottlestonebk@flickr.com,Female,240.18.200.254
418,Bald,Kerrigan,bkerriganbl@printfriendly.com,Male,5.11.223.27
419,Garwood,Lafond,glafondbm@answers.com,Male,149.211.24.121
420,Jo-ann,Nibley,jnibleybn@ask.com,Female,69.172.104.120
421,Chloris,Hunstone,chunstonebo@woothemes.com,Female,133.157.216.125
422,Anna-maria,Kauschke,akauschkebp@ca.gov,Female,133.161.48.6
423,Kayne,Gremane,kgremanebq@liveinternet.ru,Male,154.126.156.45
424,Orton,Wheeler,owheelerbr@jugem.jp,Male,64.13.194.246
425,Aguie,Baribal,abaribalbs@reuters.com,Male,99.215.255.99
426,Rowland,Brotherwood,rbrotherwoodbt@i2i.jp,Male,61.177.248.67
427,,Croker,icrokerbu@trellian.com,Female,208.64.253.158
428,Ettore,Mattaus,emattausbv@businessweek.com,Male,252.13.88.210
429,Marleen,Evesque,mevesquebw@usnews.com,Female,236.179.128.148
430,,Whiting,jwhitingbx@thetimes.co.uk,Female,99.30.61.96
431,Simon,Alliott,salliottby@statcounter.com,Male,40.216.113.218
432,Anabel,Deschlein,adeschleinbz@clickbank.net,Female,3.105.238.16
433,Mariel,Bolmann,mbolmannc0@salon.com,Female,232.96.45.97
434,Hamil,Griswaite,hgriswaitec1@about.me,Male,125.229.122.230
435,Audrie,Flacke,aflackec2@pagesperso-orange.fr,Female,46.231.179.141
436,Rogers,Vasiljevic,rvasiljevicc3@google.com,Male,226.222.22.155
437,Craggy,Giraldez,cgiraldezc4@wired.com,Male,37.184.67.135
438,Aurthur,Cabel,acabelc5@gnu.org,Male,174.241.204.131
439,Henka,Balden,hbaldenc6@zdnet.com,Female,192.39.25.31
440,Meredeth,Ings,mingsc7@360.cn,Male,60.146.113.180
441,Guillaume,Harmar,gharmarc8@telegraph.co.uk,Male,202.47.157.99
442,Culley,McNeill,cmcneillc9@acquirethisname.com,Male,
443,Shannon,Laurent,slaurentca@cbc.ca,Female,113.53.49.115
444,Aylmar,Tille,atillecb@so-net.ne.jp,Male,84.208.179.223
445,Sutherlan,Suthren,ssuthrencc@yale.edu,Male,226.7.108.87
446,Minne,Hebblethwaite,mhebblethwaitecd@ucoz.com,Female,
447,Chaunce,Molfino,cmolfinoce@photobucket.com,Male,130.188.96.36
448,Terencio,Beyn,tbeyncf@adobe.com,Male,151.196.29.84
449,Daniella,Garvagh,dgarvaghcg@lycos.com,Female,111.83.135.178
450,Erik,Feben,efebench@mail.ru,Male,218.13.165.48
451,Constantia,Kiddy,ckiddyci@freewebs.com,Female,244.155.77.147
452,Giacobo,Dart,gdartcj@google.es,Male,80.70.187.68
453,Calypso,Donald,cdonaldck@nymag.com,Female,9.101.191.222
454,Ravi,Boggon,rboggoncl@qq.com,Male,220.190.98.128
455,Kasper,,kwilletscm@cpanel.net,Male,175.162.4.175
456,Dede,Hoult,dhoultcn@ted.com,Female,139.246.23.156
457,Orv,Seatter,oseatterco@vk.com,Male,171.8.15.34
458,Shawn,Vidineev,svidineevcp@ustream.tv,Female,
459,Yancey,Burnitt,yburnittcq@princeton.edu,Male,115.169.204.173
460,Abeu,Slaten,aslatencr@wordpress.com,Male,31.55.128.237
461,Jasmina,Tull,jtullcs@wikia.com,Female,29.98.38.122
462,Kenyon,Gomery,kgomeryct@princeton.edu,Male,154.8.23.47
463,Noble,Andreuzzi,nandreuzzicu@etsy.com,Male,36.56.93.122
464,Elwood,Tidd,etiddcv@adobe.com,,178.229.99.88
465,Nicola,Canwell,ncanwellcw@google.ru,Female,
466,Ignacius,Freezor,ifreezorcx@google.ca,Male,186.218.167.89
467,Adora,Naisbitt,,Female,195.68.45.240
468,Priscella,Davidovic,pdavidoviccz@g.co,,223.66.112.247
469,Darrel,Polkinghorne,dpolkinghorned0@youku.com,Male,94.117.180.214
470,Annecorinne,Veel,aveeld1@kickstarter.com,Female,28.93.126.226
471,Else,Siman,esimand2@eepurl.com,Female,41.77.31.58
472,Leroy,Gonnard,lgonnardd3@thetimes.co.uk,Male,152.160.5.230
473,Perceval,Hargreves,phargrevesd4@mediafire.com,Male,106.62.101.200
474,Aurelea,Boom,aboomd5@mysql.com,Female,48.154.75.203
475,Yank,Crawcour,ycrawcourd6@acquirethisname.com,Male,5.93.62.224
476,Laurice,O'Griffin,logriffind7@jiathis.com,Female,64.8.168.60
477,Wilfred,Woodstock,wwoodstockd8@theguardian.com,Male,34.150.133.158
478,Sarina,MacGarrity,smacgarrityd9@princeton.edu,Female,43.114.122.100
479,Steffi,MacAindreis,smacaindreisda@netscape.com,Female,240.184.21.30
480,Loren,Palin,lpalindb@aol.com,Female,198.215.203.109
481,Nicola,Canner,,Female,117.149.213.129
482,Natal,Pershouse,npershousedd@themeforest.net,Male,217.23.147.34
483,Ray,O'Teague,roteaguede@prnewswire.com,Female,10.244.249.95
484,Nell,Sandyfirth,nsandyfirthdf@unc.edu,Female,
485,Elsbeth,Zarfat,ezarfatdg@archive.org,Female,226.91.178.83
486,Shanta,McLaren,smclarendh@japanpost.jp,Female,165.0.251.96
487,Kristian,Le Teve,kletevedi@naver.com,Male,30.56.30.255
488,Mervin,Ivantyev,mivantyevdj@mapquest.com,Male,237.97.193.219
489,Miranda,Price,mpricedk@walmart.com,Female,119.151.187.157
490,Bentlee,Hazleton,bhazletondl@dmoz.org,Male,97.53.185.27
491,Regan,Ellacombe,rellacombedm@nhs.uk,Female,86.158.191.104
492,Vladimir,Brownlow,vbrownlowdn@g.co,Male,118.130.0.17
493,Rees,Tranckle,rtranckledo@simplemachines.org,Male,177.70.5.0
494,Mandy,Benedicto,mbenedictodp@soup.io,Female,229.253.188.51
495,Dara,Garmston,dgarmstondq@mlb.com,Female,
496,Alvin,Orrin,aorrindr@berkeley.edu,Male,191.195.80.9
497,Eward,Elcoate,eelcoateds@cbc.ca,Male,68.41.137.167
498,Lou,Casiroli,lcasirolidt@google.com.au,Female,142.247.21.158
499,Jeth,McGrann,jmcgranndu@exblog.jp,Male,143.64.127.122
500,Jonah,Binyon,jbinyondv@studiopress.com,Male,
501,Selina,Emerson,semersondw@mysql.com,Female,69.200.108.205
502,Germain,O'Canavan,gocanavandx@google.es,Female,
503,Aguste,Brymner,abrymnerdy@goodreads.com,Male,200.143.217.239
504,Wilhelmina,Bucke,wbuckedz@newyorker.com,Female,202.197.108.163
505,,Briar,abriare0@godaddy.com,Male,250.227.36.184
506,Erna,Ziebart,eziebarte1@wordpress.org,Female,158.17.40.186
507,Theresina,McCreedy,tmccreedye2@hexun.com,Female,250.67.78.142
508,Abbye,Pau,apaue3@sina.com.cn,Female,52.74.234.45
509,Camila,Drabble,cdrabblee4@amazon.co.jp,Female,78.148.169.130
510,Lindon,Bales,lbalese5@springer.com,Male,181.104.239.218
511,Berke,Pickrell,,Male,188.78.9.65
512,Sula,Lagne,slagnee7@foxnews.com,Female,1.182.110.157
513,Drew,Guillou,dguilloue8@mapy.cz,Male,126.153.20.20
514,Rube,Corbridge,rcorbridgee9@multiply.com,Male,33.144.206.18
515,Halie,Syce,hsyceea@posterous.com,Female,255.174.152.110
516,Ed,Andrzejczak,eandrzejczakeb@weebly.com,Male,97.215.247.99
517,Caro,Casajuana,ccasajuanaec@homestead.com,Female,99.92.5.102
518,Salomone,Mary,smaryed@xinhuanet.com,Male,4.87.123.118
519,Pavia,Clouston,pcloustonee@homestead.com,Female,19.213.73.225
520,Juliana,Donati,jdonatief@unesco.org,Female,21.215.217.128
521,Cecilia,McVanamy,cmcvanamyeg@51.la,Female,126.178.107.91
522,Bancroft,Halwell,bhalwelleh@google.pl,Male,3.113.28.215
523,Eleonore,Eastam,eeastamei@engadget.com,Female,115.69.140.122
524,Daphne,Gyford,dgyfordej@dropbox.com,Female,86.158.123.2
525,Helene,Hassewell,hhassewellek@mac.com,Female,3.131.23.130
526,Kelsi,Buyers,kbuyersel@linkedin.com,Female,116.193.66.4
527,Wadsworth,McGarahan,wmcgarahanem@g.co,Male,1.38.202.255
528,Rosanna,Hawkes,rhawkesen@spotify.com,Female,147.10.74.206
529,Cristal,McNaught,cmcnaughteo@weather.com,Female,35.38.9.74
530,Glynis,Robshaw,grobshawep@hugedomains.com,Female,109.27.47.191
531,Inigo,O'Rudden,ioruddeneq@bandcamp.com,Male,226.57.136.168
532,Miles,Garlicke,mgarlickeer@nature.com,Male,56.229.169.214
533,Harrie,Dowdeswell,hdowdeswelles@dion.ne.jp,Female,159.171.151.90
534,Catherin,Peagrim,cpeagrimet@economist.com,Female,134.196.249.4
535,Nessie,,nwardhougheu@wordpress.org,Female,132.244.203.175
536,Dayle,Waterhouse,,Female,
537,Peggy,Colmore,pcolmoreew@cyberchimps.com,Female,166.141.47.109
538,Oberon,D'Alessio,odalessioex@ucla.edu,Male,120.204.81.90
539,Dale,Guerola,,Male,217.213.37.134
540,Iago,Stradling,istradlingez@hp.com,Male,23.112.239.195
541,Ebeneser,Rudsdale,erudsdalef0@sun.com,Male,181.107.205.75
542,Helli,Brommage,hbrommagef1@theguardian.com,Female,118.158.3.20
543,Stanton,Rosenbusch,srosenbuschf2@dailymail.co.uk,Male,195.240.89.192
544,Kincaid,Rowbrey,krowbreyf3@cbc.ca,Male,20.133.250.106
545,Lazaro,Whithorn,lwhithornf4@yolasite.com,Male,35.169.71.37
546,Sherry,Matityahu,smatityahuf5@cisco.com,Female,205.102.143.239
547,Johann,Stoffer,jstofferf6@fda.gov,Male,
548,Anette,Stollberg,astollbergf7@is.gd,Female,253.136.8.59
549,Eachelle,Doerren,edoerrenf8@forbes.com,Female,226.115.123.30
550,Prinz,Hattigan,phattiganf9@bravesites.com,Male,62.42.186.132
551,Val,Ravenshaw,vravenshawfa@nytimes.com,Female,81.195.177.175
552,Nickolas,Ridett,,Male,169.55.55.37
553,Nikolos,Werrit,nwerritfc@storify.com,Male,195.122.134.28
554,Dougie,Iddiens,diddiensfd@springer.com,Male,66.198.9.231
555,Abbe,O'Griffin,aogriffinfe@marketwatch.com,,181.241.147.21
556,Patty,Lomasney,plomasneyff@apache.org,Female,199.209.156.130
557,Merlina,Jolliman,mjollimanfg@go.com,Female,69.103.181.221
558,Abbey,Salvati,asalvatifh@google.cn,Male,132.75.11.227
559,Travis,Bodesson,tbodessonfi@paginegialle.it,Male,238.60.225.105
560,Carmella,Pedersen,cpedersenfj@whitehouse.gov,Female,163.20.128.172
561,Hubey,Befroy,hbefroyfk@storify.com,Male,139.67.198.112
562,Gunther,Chilcotte,gchilcottefl@soup.io,Male,135.200.207.208
563,Britney,Wilcott,bwilcottfm@topsy.com,Female,103.142.59.23
564,Alayne,Kryzhov,akryzhovfn@vimeo.com,Female,192.249.135.205
565,Pietra,Lowry,plowryfo@goodreads.com,,141.12.22.187
566,Clarissa,Hinners,chinnersfp@mashable.com,Female,246.112.67.134
567,Charis,Giovannoni,cgiovannonifq@ca.gov,Female,160.142.100.122
568,Ros,Bourtoumieux,rbourtoumieuxfr@psu.edu,Female,194.48.204.118
569,Babs,Skully,bskullyfs@oakley.com,Female,10.44.156.26
570,Sheppard,Abrahamsen,sabrahamsenft@nytimes.com,Male,36.172.30.32
571,Hedwiga,,hyeldingfu@japanpost.jp,Female,168.148.166.17
572,Efren,McBrady,emcbradyfv@merriam-webster.com,Male,
573,Ximenes,Brand,xbrandfw@google.co.jp,Male,197.120.255.118
574,Lissa,Tussaine,ltussainefx@studiopress.com,Female,40.111.180.1
575,Appolonia,Bedford,abedfordfy@indiegogo.com,Female,74.82.81.5
576,Nedda,Innman,ninnmanfz@paypal.com,Female,175.11.246.132
577,Munroe,Loiterton,mloitertong0@oakley.com,Male,218.133.98.129
578,Brooks,Nudde,bnuddeg1@engadget.com,Male,213.94.78.221
579,Riley,Mongeot,rmongeotg2@amazon.co.uk,Male,75.82.248.129
580,Everard,Marns,emarnsg3@usatoday.com,Male,127.85.181.157
581,Ignatius,Keuntje,ikeuntjeg4@parallels.com,Male,140.223.237.22
582,Halimeda,Currao,,Female,248.241.0.120
583,Zebulon,Casiero,zcasierog6@nifty.com,Male,219.86.203.139
584,,Grancher,jgrancherg7@epa.gov,Male,203.150.136.224
585,Chaddy,Pepi,cpepig8@abc.net.au,Male,100.16.98.40
586,Conn,Clampe,cclampeg9@cornell.edu,Male,229.99.10.233
587,Tedmund,Brikner,tbriknerga@reference.com,Male,100.244.49.147
588,Horacio,Munby,hmunbygb@aol.com,Male,129.107.91.42
589,,Middup,hmiddupgc@house.gov,Female,177.116.176.61
590,Hewet,Harler,hharlergd@oakley.com,Male,163.63.70.23
591,Bartlet,Pickaver,bpickaverge@jugem.jp,Male,140.176.213.32
592,Thain,Brend,tbrendgf@seattletimes.com,Male,107.112.35.126
593,Berenice,Leebetter,bleebettergg@upenn.edu,Female,51.121.246.103
594,Leeland,Breeder,lbreedergh@youku.com,Male,146.192.15.206
595,Briny,McCurtain,bmccurtaingi@live.com,Female,190.241.178.75
596,Tim,Lomis,tlomisgj@bandcamp.com,Male,166.228.141.97
597,Alane,Aikett,aaikettgk@odnoklassniki.ru,,176.109.135.2
598,Artemus,Bootes,abootesgl@w3.org,Male,32.98.88.41
599,Noll,Maior,nmaiorgm@who.int,Male,34.248.18.225
600,Shawnee,McBryde,smcbrydegn@soup.io,Female,69.165.208.220
601,Guido,Van der Hoeven,gvanderhoevengo@symantec.com,Male,
602,Eleen,Petren,epetrengp@psu.edu,Female,67.186.15.114
603,Gherardo,Lambrick,glambrickgq@seattletimes.com,Male,
604,Willette,Goodlip,wgoodlipgr@usatoday.com,Female,196.199.43.158
605,Tybi,Antcliff,tantcliffgs@scientificamerican.com,Female,210.113.45.222
606,Torry,Galbreth,tgalbrethgt@mayoclinic.com,Male,48.243.10.74
607,Garrot,Cheves,gchevesgu@examiner.com,Male,249.149.91.118
608,Opaline,Wilstead,owilsteadgv@washington.edu,Female,43.151.248.8
609,Isac,Mara,imaragw@gizmodo.com,Male,106.185.73.125
610,Noel,Orro,norrogx@people.com.cn,Female,61.8.133.22
611,Elysee,Sawden,esawdengy@xing.com,Female,166.234.134.87
612,Tabbi,Beeton,tbeetongz@discuz.net,Female,246.164.133.63
613,Randie,O'Cannavan,rocannavanh0@wunderground.com,Male,137.127.36.238
614,Michael,,mtyghth1@google.nl,Male,19.80.11.246
615,Renaldo,Ricks,rricksh2@mozilla.org,Male,120.53.215.251
616,Hussein,Ferrier,hferrierh3@spotify.com,Male,120.213.194.34
617,Ellynn,Hruska,ehruskah4@biglobe.ne.jp,,167.16.195.117
618,Letizia,Howgego,lhowgegoh5@ucoz.ru,Female,44.100.57.243
619,Burr,Jeffels,bjeffelsh6@google.com.br,Male,1.221.49.227
620,Oby,Lenz,olenzh7@cnbc.com,Male,1.211.226.159
621,Kerwinn,Cuttler,kcuttlerh8@so-net.ne.jp,,25.71.83.57
622,Christoph,Essery,cesseryh9@techcrunch.com,Male,189.141.95.64
623,Perceval,Bearne,pbearneha@prweb.com,Male,215.9.253.148
624,Robin,Maudlin,rmaudlinhb@admin.ch,Female,
625,Gretal,Assante,gassantehc@ftc.gov,Female,59.45.34.85
626,Harriot,Vigneron,hvigneronhd@chronoengine.com,Female,6.53.71.251
627,Luce,Towers,ltowershe@quantcast.com,Male,6.204.152.72
628,Son,Hatton,shattonhf@webmd.com,Male,76.238.212.83
629,Patricia,Hearmon,phearmonhg@guardian.co.uk,Female,193.221.247.51
630,Olympie,Nairn,onairnhh@mlb.com,Female,231.175.184.158
631,Lidia,Seagood,lseagoodhi@ted.com,Female,
632,Marmaduke,Chidlow,mchidlowhj@prweb.com,Male,42.174.176.146
633,Anderson,Sime,asimehk@gov.uk,Male,
634,Kari,Shortin,kshortinhl@irs.gov,Female,195.141.78.81
635,Beret,MacCarrick,bmaccarrickhm@google.com.hk,Female,47.148.110.168
636,Guglielmo,Bonnell,gbonnellhn@npr.org,Male,168.188.128.141
637,Wakefield,Plevey,wpleveyho@sitemeter.com,Male,150.119.176.211
638,Delcina,Willmetts,dwillmettshp@usnews.com,Female,69.163.49.14
639,Nertie,Swin,nswinhq@slashdot.org,Female,90.3.173.225
640,Bern,Greene,bgreenehr@exblog.jp,Male,214.50.58.216
641,Chad,Fardy,cfardyhs@washington.edu,Male,47.130.123.0
642,Ashleigh,Foulis,afoulisht@slideshare.net,Female,140.8.112.5
643,Merline,Brunet,mbrunethu@jimdo.com,Female,12.51.226.90
644,Cornell,Drage,cdragehv@discuz.net,Male,206.110.37.56
645,Iggie,Mothersole,imothersolehw@godaddy.com,Male,58.165.139.215
646,Doti,Grisard,dgrisardhx@pen.io,Female,38.163.245.172
647,Linus,Woodyear,,Male,177.80.183.106
648,Claybourne,Illingsworth,cillingsworthhz@cmu.edu,Male,233.52.81.54
649,Shannen,Woolen,swooleni0@lulu.com,Female,67.185.215.225
650,Ashlie,Daltrey,adaltreyi1@lycos.com,Female,77.195.39.178
651,Robbi,,rnicholsi2@wunderground.com,Female,249.154.205.236
652,Petronia,Newey,pneweyi3@cocolog-nifty.com,Female,212.245.172.166
653,Bryce,Freeburn,bfreeburni4@cnbc.com,Male,61.146.71.254
654,Shina,Scotchmur,sscotchmuri5@uiuc.edu,,31.176.34.164
655,Arlinda,Takkos,atakkosi6@google.co.jp,Female,80.48.137.86
656,Thomasine,Dallinder,tdallinderi7@disqus.com,Female,242.253.80.55
657,Jody,Wrigley,jwrigleyi8@feedburner.com,Female,203.169.96.79
658,Delmer,Kleinsinger,dkleinsingeri9@unicef.org,Male,170.26.109.106
659,Daryl,Rattray,drattrayia@fc2.com,Female,199.209.244.187
660,Ralf,Farren,rfarrenib@people.com.cn,Male,237.116.69.103
661,Rodge,Whorlow,rwhorlowic@mit.edu,Male,164.246.189.179
662,Hedvige,Bartlomiej,hbartlomiejid@chicagotribune.com,Female,228.60.108.168
663,Freda,Heynen,fheynenie@wiley.com,Female,
664,Webb,Upsale,wupsaleif@ow.ly,Male,121.77.15.255
665,Stevy,Motion,smotionig@businesswire.com,Male,143.163.205.236
666,Hillary,Barnard,hbarnardih@people.com.cn,Female,53.199.86.80
667,Almeria,Kuscha,akuschaii@wired.com,Female,70.31.241.234
668,Sam,Wigsell,swigsellij@google.cn,Female,
669,Carin,Huxstep,chuxstepik@china.com.cn,Female,4.254.75.141
670,Evangelina,Hembery,ehemberyil@wikispaces.com,Female,62.159.247.103
671,Ode,Bednall,obednallim@unesco.org,Male,124.167.179.171
672,Jourdain,Haburne,jhaburnein@si.edu,Male,5.35.140.93
673,Emmanuel,Cox,ecoxio@wiley.com,Male,251.180.26.187
674,Tally,Healey,thealeyip@delicious.com,Female,159.254.191.55
675,Reinwald,Yurygyn,ryurygyniq@imdb.com,Male,85.89.136.125
676,Magdalen,Furminger,mfurmingerir@nydailynews.com,Female,14.106.170.17
677,Gretal,Siret,gsiretis@msu.edu,Female,219.253.220.127
678,Granville,Davydzenko,gdavydzenkoit@github.com,Male,199.93.243.134
679,Wells,Hagergham,whagerghamiu@blogspot.com,Male,190.76.173.37
680,Obadiah,Arrowsmith,oarrowsmithiv@craigslist.org,Male,31.95.52.50
681,Ximenez,Emmens,xemmensiw@google.co.jp,Male,6.118.63.149
682,Nickie,De Michele,ndemicheleix@pagesperso-orange.fr,Female,136.154.133.181
683,Etti,Skeen,eskeeniy@pinterest.com,Female,207.37.137.178
684,Anette,Ellingford,aellingfordiz@dyndns.org,Female,71.215.191.11
685,Mead,Thunnerclef,mthunnerclefj0@theatlantic.com,Female,89.169.198.52
686,Friedrick,Chasen,fchasenj1@yellowbook.com,Male,14.213.229.185
687,Irv,Braidman,ibraidmanj2@gravatar.com,Male,77.43.183.229
688,Abbot,Milby,amilbyj3@flavors.me,Male,77.32.159.158
689,Rockwell,Walster,rwalsterj4@discovery.com,Male,232.72.158.61
690,Lindy,MacIver,lmaciverj5@alibaba.com,Male,132.57.11.58
691,Nolana,Viste,nvistej6@google.co.uk,Female,41.17.53.188
692,Brandais,Saffran,bsaffranj7@ebay.com,Female,77.170.230.152
693,Willi,Abrahart,wabrahartj8@nasa.gov,Male,173.188.144.147
694,Marena,Merrall,mmerrallj9@myspace.com,Female,225.137.60.181
695,Brenn,Bryers,bbryersja@163.com,Female,216.247.83.200
696,Elissa,Turland,eturlandjb@123-reg.co.uk,,234.159.17.18
697,Cecilla,Roos,croosjc@upenn.edu,Female,70.105.245.210
698,Damiano,McKern,dmckernjd@home.pl,Male,201.247.70.155
699,Mozelle,Beardsall,mbeardsallje@salon.com,Female,77.161.38.148
700,Helli,Bracher,hbracherjf@google.ru,Female,200.122.240.27
701,Livvy,Giurio,lgiuriojg@stumbleupon.com,Female,100.187.45.249
702,Katrine,Quittonden,kquittondenjh@yolasite.com,Female,114.121.41.39
703,Odella,Lesley,olesleyji@diigo.com,Female,240.121.197.192
704,Ruth,Frankcom,rfrankcomjj@addthis.com,Female,62.18.244.166
705,Sallyann,Pottiphar,spottipharjk@desdev.cn,Female,98.198.151.47
706,Barron,De Bernardis,bdebernardisjl@reference.com,Male,96.84.240.136
707,Ulick,Crowther,ucrowtherjm@mediafire.com,Male,117.43.183.29
708,Philip,Treagus,ptreagusjn@weibo.com,Male,62.195.169.228
709,Thoma,Ziehms,tziehmsjo@4shared.com,Male,156.114.184.107
710,Ninon,Overstreet,noverstreetjp@wsj.com,Female,112.53.157.71
711,Brooke,Messiter,bmessiterjq@prlog.org,Female,52.113.161.167
712,Foster,Shallcross,fshallcrossjr@goodreads.com,Male,121.165.192.95
713,Tilly,Cawkill,tcawkilljs@fotki.com,Female,168.87.86.205
714,Graehme,Sarjent,gsarjentjt@statcounter.com,Male,3.78.233.151
715,Nolly,Rosenberger,nrosenbergerju@abc.net.au,,119.102.225.38
716,Gib,Cossam,gcossamjv@uiuc.edu,Male,163.90.73.36
717,Edward,Rayhill,erayhilljw@statcounter.com,Male,3.46.63.140
718,Blinny,Rastrick,brastrickjx@liveinternet.ru,Female,205.119.21.202
719,Carson,Woodus,cwoodusjy@1und1.de,,126.25.117.153
720,Maggie,Calfe,mcalfejz@apple.com,Female,174.12.239.229
721,Emelda,Torrejon,etorrejonk0@ed.gov,Female,15.201.94.10
722,Edna,Checchetelli,echecchetellik1@geocities.jp,Female,198.22.78.104
723,Elmer,Walasik,ewalasikk2@google.cn,Male,55.186.55.165
724,Em,Coal,ecoalk3@wufoo.com,,215.137.93.57
725,Arliene,Klessmann,aklessmannk4@de.vu,Female,121.148.71.217
726,Ann,Jenk,ajenkk5@usgs.gov,Female,51.212.12.41
727,Christopher,Tefft,ctefftk6@salon.com,Male,116.77.113.41
728,Ryann,Jope,rjopek7@xing.com,Female,127.8.30.108
729,Barbee,Burgiss,bburgissk8@army.mil,Female,120.201.159.22
730,Gusty,McAughtry,gmcaughtryk9@pinterest.com,Female,167.37.38.36
731,Dulce,Doelle,ddoelleka@indiatimes.com,Female,23.179.244.241
732,Cissiee,Chopin,cchopinkb@dropbox.com,Female,152.29.176.57
733,Imogene,Selvester,iselvesterkc@chicagotribune.com,Female,213.163.101.212
734,Ninette,Bayly,nbaylykd@bluehost.com,,208.191.193.146
735,Cornelia,Agge,caggeke@opera.com,Female,76.188.213.45
736,Edythe,Craig,ecraigkf@addtoany.com,Female,214.248.148.220
737,Raimund,Orans,roranskg@blogs.com,Male,11.116.230.134
738,Rochelle,Henric,rhenrickh@bizjournals.com,Female,205.251.12.22
739,Corny,Rikkard,crikkardki@weebly.com,Male,171.129.67.29
740,Bartram,Frazer,bfrazerkj@godaddy.com,Male,53.122.123.252
741,Ingeborg,Magauran,imagaurankk@microsoft.com,Female,2.245.102.80
742,Angeline,Fishbie,afishbiekl@ucoz.ru,Female,218.106.233.84
743,Paulie,Delouch,pdelouchkm@arizona.edu,Male,15.74.147.56
744,Cull,Crop,ccropkn@hao123.com,Male,240.55.138.192
745,Car,Stealfox,cstealfoxko@is.gd,Male,131.227.22.156
746,Kendre,Shoulder,kshoulderkp@umn.edu,Female,21.202.134.143
747,Lana,Denford,ldenfordkq@mit.edu,Female,119.73.193.15
748,Siffre,Minifie,sminifiekr@1und1.de,Male,49.20.17.16
749,Mendie,Coady,mcoadyks@bigcartel.com,Male,230.195.141.230
750,Sal,Tovey,stoveykt@paginegialle.it,Male,217.75.207.19
751,Anselm,Comrie,,,244.242.141.179
752,Sonya,Spackman,sspackmankv@istockphoto.com,Female,166.75.228.71
753,,Aickin,eaickinkw@godaddy.com,Female,121.220.57.94
754,Myrwyn,Carrington,mcarringtonkx@cnn.com,,124.124.150.129
755,Tobie,Gellately,tgellatelyky@wiley.com,Male,137.41.92.229
756,Callean,Vitet,cvitetkz@hostgator.com,Male,180.23.45.66
757,Cullan,Pryke,cprykel0@yale.edu,Male,158.205.25.189
758,Kirsteni,Petken,kpetkenl1@va.gov,Female,16.12.199.7
759,Marrilee,Bilbey,mbilbeyl2@lulu.com,Female,5.82.154.175
760,Sidoney,Aggis,saggisl3@1und1.de,Female,199.209.149.237
761,Svend,Pippard,spippardl4@intel.com,Male,224.108.123.231
762,Edna,Sambrook,esambrookl5@theglobeandmail.com,Female,26.232.170.177
763,Joann,Isacsson,jisacssonl6@hexun.com,Female,172.207.9.241
764,Culver,McGinnis,cmcginnisl7@vk.com,Male,126.116.234.99
765,Ysabel,Rowlands,yrowlandsl8@wordpress.com,Female,229.94.126.85
766,Trent,Misselbrook,tmisselbrookl9@cbslocal.com,Male,240.197.25.169
767,Tammara,Klauer,tklauerla@slashdot.org,Female,115.61.117.253
768,Porty,Hause,phauselb@so-net.ne.jp,Male,121.223.252.229
769,Astrid,Kopje,akopjelc@posterous.com,Female,21.201.221.64
770,Mady,Arrell,marrellld@kickstarter.com,Female,113.44.112.92
771,Rex,Blaylock,rblaylockle@flickr.com,Male,220.56.240.64
772,Chere,Emmatt,cemmattlf@simplemachines.org,,197.96.2.61
773,Neils,Leynagh,nleynaghlg@time.com,Male,174.24.199.123
774,Harriott,Trusler,htruslerlh@simplemachines.org,Female,255.126.20.90
775,Ailsun,Screas,ascreasli@jigsy.com,Female,227.18.197.8
776,Blane,Linn,blinnlj@indiatimes.com,Male,59.73.155.52
777,Thea,Spofford,tspoffordlk@tiny.cc,Female,139.218.247.111
778,Harwilll,Dahlman,hdahlmanll@themeforest.net,Male,150.97.209.36
779,Pepito,Kill,pkilllm@fc2.com,Male,246.215.138.111
780,Maiga,Biggins,mbigginsln@marketwatch.com,Female,168.68.208.51
781,Leopold,Heather,lheatherlo@wiley.com,Male,63.178.205.95
782,Chauncey,McTavy,cmctavylp@ucla.edu,Male,
783,Jilli,Caldera,jcalderalq@dell.com,Female,142.115.96.91
784,Ingar,Adcock,iadcocklr@twitpic.com,Male,236.63.99.254
785,Alidia,Sterke,asterkels@merriam-webster.com,Female,147.155.100.19
786,Fredi,Knappen,fknappenlt@nydailynews.com,Female,36.134.6.52
787,Lea,Braga,lbragalu@prnewswire.com,Female,56.98.140.20
788,Johnnie,Hugett,jhugettlv@free.fr,Male,215.219.2.68
789,Lana,Burford,lburfordlw@slashdot.org,Female,199.52.105.106
790,Read,Lamberth,rlamberthlx@freewebs.com,Male,79.125.251.136
791,Burl,Hendin,bhendinly@ucsd.edu,Male,181.29.8.96
792,Sly,Skain,sskainlz@economist.com,Male,23.237.181.54
793,Adrianne,Maypowder,amaypowderm0@uiuc.edu,Female,20.90.122.154
794,Hanna,Domenico,hdomenicom1@purevolume.com,Female,78.35.27.20
795,Tonye,Prestedge,tprestedgem2@xrea.com,Female,2.178.8.96
796,Abigail,Canedo,acanedom3@accuweather.com,Female,211.244.230.68
797,Levi,Bonus,lbonusm4@istockphoto.com,Male,238.34.219.48
798,Vivienne,Reubel,vreubelm5@economist.com,Female,184.61.28.145
799,Brenden,Tweede,btweedem6@yahoo.com,,212.38.178.19
800,Anett,LAbbet,alabbetm7@mediafire.com,Female,148.55.209.218
801,Dall,OIlier,doilierm8@prnewswire.com,Male,84.229.145.169
802,Mervin,Heffy,,Male,36.71.211.146
803,Bogart,Neesam,bneesamma@wufoo.com,Male,213.160.131.117
804,Candy,McGuggy,cmcguggymb@nymag.com,Female,39.193.163.122
805,Blisse,Elsay,belsaymc@unblog.fr,Female,140.77.147.64
806,Sheppard,Swithenby,sswithenbymd@businesswire.com,Male,56.14.130.123
807,Rabbi,Sherer,,Male,208.19.205.73
808,Padraig,Wynrehame,pwynrehamemf@sun.com,Male,192.42.184.46
809,Carleton,Skells,cskellsmg@linkedin.com,Male,223.135.105.145
810,Rodina,Alabastar,ralabastarmh@huffingtonpost.com,Female,245.67.185.41
811,Keven,Bleiman,kbleimanmi@adobe.com,Male,87.28.155.49
812,Stephanie,Ceaser,sceasermj@psu.edu,Female,41.211.176.93
813,Ruperta,Whitwam,rwhitwammk@studiopress.com,Female,167.0.237.178
814,Jeffry,Soldan,jsoldanml@shinystat.com,Male,47.201.78.26
815,Bethena,Cluse,bclusemm@google.com.hk,Female,159.142.69.233
816,Cecilius,Robathon,crobathonmn@clickbank.net,Male,218.162.114.109
817,Rand,Mycroft,rmycroftmo@is.gd,Male,245.43.12.229
818,Trumaine,Bickerstaffe,tbickerstaffemp@rambler.ru,,29.101.236.67
819,,Le Franc,slefrancmq@washingtonpost.com,Female,122.219.171.76
820,Hort,Crowther,hcrowthermr@nationalgeographic.com,Male,170.178.36.240
821,Janie,MacAlpin,jmacalpinms@myspace.com,Female,
822,Ulick,Sneezem,usneezemmt@youtu.be,Male,160.43.142.81
823,Joyous,Ivins,jivinsmu@va.gov,Female,111.236.117.122
824,Clarita,Cheverell,ccheverellmv@example.com,Female,132.208.94.83
825,Sascha,Vinas,svinasmw@dyndns.org,Male,207.111.216.221
826,Amos,Symonds,asymondsmx@uiuc.edu,Male,
827,Freddie,Brosius,fbrosiusmy@washingtonpost.com,Male,52.93.234.190
828,Anson,Agus,aagusmz@vkontakte.ru,Male,182.84.110.132
829,Sayre,Sprasen,ssprasenn0@alibaba.com,Female,248.98.2.206
830,Isaak,Pottinger,ipottingern1@youku.com,,227.180.11.24
831,,Tuckwell,vtuckwelln2@imdb.com,Male,154.102.188.244
832,Babbette,Andrzejewski,bandrzejewskin3@weibo.com,Female,164.81.53.67
833,Baillie,Durnall,bdurnalln4@columbia.edu,Male,18.227.53.94
834,Giusto,Kesey,gkeseyn5@issuu.com,Male,247.13.213.91
835,Delphinia,Bowe,dbowen6@homestead.com,Female,
836,Eula,Blacktin,eblacktinn7@ucsd.edu,Female,187.136.229.36
837,Aleksandr,Dusting,adustingn8@si.edu,Male,211.179.25.48
838,Asa,Tenby,atenbyn9@furl.net,Male,55.86.131.6
839,Ode,Embra,oembrana@bigcartel.com,Male,78.71.59.217
840,Barret,Floyd,bfloydnb@hhs.gov,Male,240.1.255.233
841,Gris,Vonasek,gvonaseknc@bandcamp.com,,147.141.182.61
842,Tomas,Raise,traisend@home.pl,Male,150.119.83.240
843,Gertrude,Sciacovelli,gsciacovelline@gmpg.org,Female,116.41.61.173
844,Ollie,Nisbith,onisbithnf@nifty.com,Female,239.238.78.127
845,Jeffie,Hoffmann,jhoffmannng@samsung.com,Male,91.206.162.115
846,Kelvin,Grunguer,kgrunguernh@prlog.org,Male,115.124.226.95
847,Bobbe,Bowdidge,bbowdidgeni@nationalgeographic.com,Female,44.108.251.159
848,Talbot,Errichi,terrichinj@house.gov,Male,64.106.40.97
849,Aylmar,Quan,aquannk@google.com.br,Male,57.200.79.142
850,Bernette,Riddel,briddelnl@rediff.com,Female,43.54.227.136
851,Rossy,Hanster,rhansternm@yale.edu,Male,241.180.186.208
852,Jaimie,Mothersole,jmothersolenn@posterous.com,Male,18.195.242.217
853,Tally,Brinklow,tbrinklowno@wordpress.com,Female,201.203.131.203
854,Francklyn,Iacabucci,fiacabuccinp@qq.com,Male,233.249.187.120
855,Evered,Gerram,egerramnq@indiatimes.com,Male,
856,Bentley,Ixer,bixernr@stanford.edu,Male,194.137.72.102
857,Cookie,Langdale,clangdalens@reverbnation.com,Female,151.70.180.22
858,Chlo,,cnancekivellnt@seattletimes.com,Female,252.44.224.47
859,Cristabel,Woolmer,cwoolmernu@live.com,Female,138.87.32.243
860,Griswold,Newlin,gnewlinnv@netscape.com,Male,102.241.86.144
861,Mitzi,Brusby,mbrusbynw@umich.edu,Female,
862,Waiter,Sketchley,wsketchleynx@nbcnews.com,Male,135.96.152.130
863,Rachele,Auguste,raugusteny@msu.edu,Female,
864,Graham,Balmer,gbalmernz@tinyurl.com,Male,215.107.99.233
865,Konstantin,Hek,kheko0@netvibes.com,Male,
866,Pierson,Phoebe,pphoebeo1@pbs.org,Male,72.197.217.64
867,Emelyne,Sprankling,espranklingo2@slate.com,Female,26.168.214.51
868,Ariela,Lyfe,alyfeo3@microsoft.com,Female,120.14.116.182
869,Florentia,Pinkard,fpinkardo4@fema.gov,Female,144.36.121.58
870,Emalia,Eagar,eeagaro5@soundcloud.com,Female,91.218.50.167
871,Carol-jean,Issatt,cissatto6@sourceforge.net,Female,204.194.117.77
872,Marney,Reah,mreaho7@icq.com,Female,205.234.79.138
873,Kerry,Lewty,klewtyo8@thetimes.co.uk,Female,102.120.181.24
874,Danell,Strafford,dstraffordo9@go.com,Female,144.33.105.141
875,Beale,Fishenden,bfishendenoa@bing.com,Male,2.200.235.208
876,Lissy,Ahlin,lahlinob@nsw.gov.au,Female,241.85.115.170
877,Samantha,Radnedge,sradnedgeoc@digg.com,Female,94.213.1.145
878,Basil,Sadgrove,bsadgroveod@opera.com,Male,128.96.89.64
879,Selestina,Dalbey,sdalbeyoe@yelp.com,Female,192.92.121.150
880,Xena,Tsar,xtsarof@ow.ly,Female,52.214.147.64
881,Nell,Hanniger,nhannigerog@ted.com,,116.43.18.218
882,Ingram,,imarkovichoh@vinaora.com,,107.176.217.14
883,Timi,Bader,tbaderoi@cmu.edu,Female,99.92.233.44
884,Ted,Grinov,tgrinovoj@businesswire.com,Male,146.180.149.213
885,Thomasine,Orrum,torrumok@comsenz.com,Female,221.16.117.158
886,Bea,Budgett,bbudgettol@icq.com,Female,45.239.33.200
887,Julina,O'Dyvoie,jodyvoieom@multiply.com,Female,26.195.12.100
888,Mariann,Gerhts,mgerhtson@liveinternet.ru,Female,
889,Duke,Hayler,dhayleroo@oaic.gov.au,Male,2.210.80.226
890,Alexander,Duffie,aduffieop@bigcartel.com,Male,77.91.127.80
891,Niccolo,Phythian,nphythianoq@discuz.net,Male,43.222.201.122
892,Hadley,Bes,hbesor@yahoo.co.jp,Male,230.125.67.222
893,Misty,Whether,mwhetheros@topsy.com,Female,107.190.91.3
894,Tarrah,Warbrick,twarbrickot@ow.ly,Female,72.136.201.135
895,Renault,Richly,rrichlyou@hostgator.com,Male,48.23.53.197
896,Maximilien,Pipe,,Male,213.204.227.232
897,Humfrid,Dronsfield,hdronsfieldow@google.co.uk,Male,212.94.0.51
898,Albertine,Patient,,Female,224.58.55.0
899,Benny,Mattheis,bmattheisoy@infoseek.co.jp,Male,8.43.249.186
900,Chelsy,Toye,ctoyeoz@addthis.com,Female,3.105.121.170
901,Son,Dudeney,sdudeneyp0@joomla.org,Male,191.105.118.205
902,Asa,Aire,,Male,22.149.142.13
903,Ozzie,Byars,obyarsp2@cam.ac.uk,Male,111.191.79.102
904,Brigida,Cawson,bcawsonp3@is.gd,Female,
905,Skylar,Dory,sdoryp4@woothemes.com,Male,139.7.133.18
906,See,Gegg,sgeggp5@thetimes.co.uk,Male,11.21.231.12
907,Seka,Dunstall,,Female,230.151.171.71
908,Sigmund,Pittman,,Male,97.185.60.2
909,Anet,Godfree,agodfreep8@hatena.ne.jp,Female,19.101.195.221
910,Peria,Pechell,ppechellp9@squarespace.com,Female,
911,Raddy,Ferres,rferrespa@cisco.com,Male,154.96.44.11
912,Nina,Napolione,nnapolionepb@hugedomains.com,Female,227.119.7.46
913,Dimitry,Matyashev,dmatyashevpc@dell.com,Male,
914,Base,Witty,bwittypd@salon.com,Male,141.73.250.97
915,Loren,Jelly,ljellype@fda.gov,Male,
916,Annecorinne,Schutt,,Female,164.177.141.67
917,Whit,Foister,wfoisterpg@indiatimes.com,Male,51.52.121.110
918,Jude,Westberg,jwestbergph@jalbum.net,Male,33.239.122.255
919,Cammi,Silverstone,csilverstonepi@yandex.ru,Female,146.107.30.25
920,Nettle,Lainge,nlaingepj@livejournal.com,Female,42.140.250.98
921,Jamison,Billo,jbillopk@epa.gov,Male,168.184.71.237
922,Corrina,Garmans,cgarmanspl@homestead.com,Female,188.91.134.229
923,Austine,Dioniso,adionisopm@timesonline.co.uk,Female,119.117.187.118
924,Otha,De Cleyne,odecleynepn@yale.edu,Female,18.192.137.95
925,Marcy,Simioni,msimionipo@photobucket.com,Female,147.99.205.78
926,Minor,Wigmore,,Male,26.218.189.73
927,Tanner,Abrahmovici,tabrahmovicipq@blinklist.com,Male,
928,Sol,Pybworth,spybworthpr@intel.com,Male,226.124.231.4
929,Ted,,,,228.38.218.127
930,Forrester,Olive,folivept@samsung.com,Male,14.13.182.101
931,Meryl,Barbera,mbarberapu@nsw.gov.au,Female,182.110.97.36
932,Michaeline,Szach,mszachpv@hud.gov,Female,
933,Elaine,Garner,egarnerpw@amazon.com,,216.121.155.230
934,Martainn,Ferroli,,Male,88.12.140.220
935,,Ruggier,gruggierpy@fda.gov,Female,48.224.92.210
936,Kurt,Thorneley,kthorneleypz@squarespace.com,Male,
937,Jessi,Lamort,jlamortq0@imgur.com,Female,94.124.232.226
938,Lauritz,Dusting,ldustingq1@unc.edu,Male,245.26.239.211
939,Hermina,Dericut,hdericutq2@tinypic.com,,236.142.67.201
940,Tani,Storrah,tstorrahq3@baidu.com,Female,63.161.47.207
941,Elwin,Melhuish,emelhuishq4@typepad.com,Male,33.203.156.174
942,Debra,Quince,dquinceq5@yandex.ru,Female,
943,Anetta,Eakins,aeakinsq6@photobucket.com,,161.64.108.148
944,Andra,Stormonth,astormonthq7@lycos.com,Female,121.253.77.249
945,Vaughan,Paddingdon,vpaddingdonq8@skype.com,Male,196.102.71.212
946,Jennine,Glaum,jglaumq9@mysql.com,Female,163.163.203.170
947,Chick,Assiratti,cassirattiqa@deliciousdays.com,Male,233.114.206.23
948,Marget,Ber,mberqb@columbia.edu,Female,72.62.88.74
949,Chas,Sutcliffe,csutcliffeqc@unicef.org,Male,103.154.183.243
950,Conrade,Shapira,cshapiraqd@youtube.com,Male,18.53.11.120
951,Angelle,Ballinghall,aballinghallqe@mediafire.com,Female,4.96.93.162
952,Lesli,Cadney,lcadneyqf@sciencedaily.com,Female,173.252.96.237
953,Farrel,Isaksen,fisaksenqg@baidu.com,Male,226.145.160.218
954,Bink,Rootham,broothamqh@shinystat.com,Male,
955,Cindee,Bachshell,cbachshellqi@ihg.com,Female,248.75.214.95
956,Carlen,Ianizzi,cianizziqj@canalblog.com,Female,236.33.94.215
957,Caitlin,Stubs,cstubsqk@un.org,Female,110.143.116.100
958,Jewel,Benninger,jbenningerql@devhub.com,Female,174.163.208.232
959,Clemmy,Finnick,cfinnickqm@paginegialle.it,Male,77.16.231.96
960,Kennett,Batte,kbatteqn@mediafire.com,Male,9.34.41.100
961,Jasen,Ambler,jamblerqo@cocolog-nifty.com,Male,217.103.144.218
962,Byrom,MacVean,bmacveanqp@blogspot.com,Male,27.63.93.101
963,Karlotte,MacParlan,kmacparlanqq@reverbnation.com,Female,18.98.99.234
964,Kathi,Mallabar,kmallabarqr@wordpress.org,Female,43.152.3.106
965,Cathrine,Stopforth,cstopforthqs@freewebs.com,Female,84.72.183.114
966,Meriel,Fosdyke,mfosdykeqt@livejournal.com,Female,167.21.171.128
967,Jewell,Joscelin,jjoscelinqu@army.mil,Female,57.32.14.114
968,Stormy,,sparoniqv@networksolutions.com,Female,172.208.221.132
969,Yvor,Stranaghan,ystranaghanqw@dropbox.com,Male,35.125.72.113
970,Shina,Korda,skordaqx@bigcartel.com,Female,251.152.3.59
971,Irvin,Harbour,iharbourqy@fema.gov,Male,114.126.148.49
972,Malva,Aviss,,,97.70.135.180
973,Tersina,Lebond,tlebondr0@si.edu,Female,161.45.238.123
974,Hillary,Cleave,hcleaver1@dailymotion.com,Male,48.150.51.16
975,Gracia,Youle,gyouler2@microsoft.com,Female,15.218.90.32
976,Filmer,Corrison,fcorrisonr3@addthis.com,Male,236.179.206.34
977,Dorolisa,Escreet,descreetr4@pagesperso-orange.fr,Female,194.246.248.109
978,Cesar,Brodhead,cbrodheadr5@jiathis.com,Male,13.22.156.46
979,Taite,Primrose,tprimroser6@quantcast.com,Male,216.251.161.160
980,Leontine,Whiteland,,Female,231.152.42.237
981,Gerhardt,,garborr8@godaddy.com,Male,168.31.148.56
982,Rafaelia,Thurstance,rthurstancer9@comcast.net,Female,247.14.245.235
983,Benson,Warland,bwarlandra@psu.edu,,122.242.233.205
984,Bernelle,Carmody,bcarmodyrb@independent.co.uk,Female,104.210.19.99
985,Elisabeth,Faussett,efaussettrc@reference.com,Female,220.34.93.241
986,Laurene,Boller,lbollerrd@wikispaces.com,Female,3.121.72.73
987,Chelsey,Collyer,ccollyerre@elpais.com,Female,108.132.167.51
988,Modestine,Pasek,mpasekrf@cam.ac.uk,Female,195.225.9.224
989,Iona,Ledgley,iledgleyrg@elegantthemes.com,Female,211.233.105.90
990,Hill,Jurisic,hjurisicrh@bizjournals.com,Male,57.178.210.249
991,Janet,Laugier,,Female,152.3.66.95
992,Adan,Adiscot,aadiscotrj@last.fm,Female,168.183.161.53
993,Jobina,Druhan,jdruhanrk@senate.gov,Female,101.104.109.11
994,Sarah,Clement,sclementrl@zimbio.com,Female,240.53.242.224
995,Gottfried,,gkarppirm@unc.edu,Male,90.45.150.105
996,Tessie,Bluschke,tbluschkern@slideshare.net,Female,133.229.234.2
997,Marcella,Gotthard.sf,mgotthardsfro@princeton.edu,Female,28.88.218.9
998,Ximenez,Eliasen,xeliasenrp@globo.com,Male,76.247.186.38
999,Kippie,Babbe,kbabberq@hostgator.com,Female,251.195.177.48
1000,Evelina,Jobbing,ejobbingrr@unblog.fr,Female,244.113.72.173
